{
  "project_info": {
    "project_number": "966537427901",
    "project_id": "cokanban",
    "storage_bucket": "cokanban.appspot.com"
  },
  "client": [
    {
      "client_info": {
        "mobilesdk_app_id": "1:966537427901:android:9aa2fcf2c82a1aaf4570d4",
        "android_client_info": {
          "package_name": "com.example.cokanban"
        }
      },
      "oauth_client": [
        {
          "client_id": "966537427901-upfmenjmjnjsf4d7sqbk73vp3ob7el0b.apps.googleusercontent.com",
          "client_type": 3
        }
      ],
      "api_key": [
        {
          "current_key": "AIzaSyAJ_q-JQLDN114ZfkRbdwvWzE-kI1_zat8"
        }
      ],
      "services": {
        "appinvite_service": {
          "other_platform_oauth_client": [
            {
              "client_id": "966537427901-upfmenjmjnjsf4d7sqbk73vp3ob7el0b.apps.googleusercontent.com",
              "client_type": 3
            }
          ]
        }
      }
    }
  ],
  "configuration_version": "1"
}